<?xml version="1.0" encoding="UTF-8"?><rss version="2.0"
	xmlns:content="http://purl.org/rss/1.0/modules/content/"
	xmlns:wfw="http://wellformedweb.org/CommentAPI/"
	xmlns:dc="http://purl.org/dc/elements/1.1/"
	xmlns:atom="http://www.w3.org/2005/Atom"
	xmlns:sy="http://purl.org/rss/1.0/modules/syndication/"
	xmlns:slash="http://purl.org/rss/1.0/modules/slash/"
	>

<channel>
	<title>Uncategorized &#8211; @3112</title>
	<atom:link href="http://starlit-biscotti-d3e3c5.netlify.app/index.php/category/uncategorized/feed/" rel="self" type="application/rss+xml" />
	<link>http://starlit-biscotti-d3e3c5.netlify.app</link>
	<description></description>
	<lastBuildDate>Sat, 18 Feb 2023 07:32:43 +0000</lastBuildDate>
	<language>en-US</language>
	<sy:updatePeriod>
	hourly	</sy:updatePeriod>
	<sy:updateFrequency>
	1	</sy:updateFrequency>
	<generator>https://wordpress.org/?v=6.1.1</generator>
	<item>
		<title>Hello world!</title>
		<link>http://starlit-biscotti-d3e3c5.netlify.app/index.php/2023/02/18/hello-world/</link>
					<comments>http://starlit-biscotti-d3e3c5.netlify.app/index.php/2023/02/18/hello-world/#comments</comments>
		
		<dc:creator><![CDATA[yash]]></dc:creator>
		<pubDate>Sat, 18 Feb 2023 07:32:43 +0000</pubDate>
				<category><![CDATA[Uncategorized]]></category>
		<guid isPermaLink="false">http://starlit-biscotti-d3e3c5.netlify.app/?p=1</guid>

					<description><![CDATA[Welcome to WordPress. This is your first post. Edit or delete it, then start writing!]]></description>
										<content:encoded><![CDATA[
<p>Welcome to WordPress. This is your first post. Edit or delete it, then start writing!</p>
]]></content:encoded>
					
					<wfw:commentRss>http://starlit-biscotti-d3e3c5.netlify.app/index.php/2023/02/18/hello-world/feed/</wfw:commentRss>
			<slash:comments>1</slash:comments>
		
		
			</item>
	</channel>
</rss>
